class,present_before,present_after
igp-pro-accordions,True,True
igp-pro-accordions__content,True,True
igp-pro-accordions__heading,True,True
igp-pro-accordions__item,True,True
igp-pro-accordions__items,True,True
igp-pro-best-time-to-visit,True,True
igp-pro-best-time-to-visit__intro,True,True
igp-pro-best-time-to-visit__seasons,True,True
igp-pro-best-time-to-visit__summary,True,True
igp-pro-best-time-to-visit__tips,True,True
igp-pro-block,False,True
igp-pro-block-description,True,True
igp-pro-block-eyebrow,True,True
igp-pro-block-header,True,True
igp-pro-block-header--split,False,True
igp-pro-block-title,True,True
igp-pro-breadcrumb,False,True
igp-pro-breadcrumb__item,True,True
igp-pro-breadcrumb__list,True,True
igp-pro-brochure-cta,True,True
igp-pro-brochure-cta__actions,True,True
igp-pro-brochure-cta__body,False,True
igp-pro-brochure-cta__note,False,True
igp-pro-button,True,True
igp-pro-button--secondary,True,True
igp-pro-card,True,True
igp-pro-card-grid,True,True
igp-pro-card__badge,True,True
igp-pro-card__body,True,True
igp-pro-card__cta,True,True
igp-pro-card__excerpt,True,True
igp-pro-card__footer,True,True
igp-pro-card__image,True,True
igp-pro-card__image--placeholder,True,True
igp-pro-card__location,True,True
igp-pro-card__media,True,True
igp-pro-card__media-link,False,True
igp-pro-card__meta,True,True
igp-pro-card__price,True,True
igp-pro-card__rating,True,True
igp-pro-card__title,True,True
igp-pro-cta,True,True
igp-pro-cta__actions,True,True
igp-pro-cta__badges,True,True
igp-pro-cta__button,True,True
igp-pro-cta__button--primary,False,True
igp-pro-cta__button--secondary,True,True
igp-pro-cta__content,False,True
igp-pro-cta__eyebrow,True,True
igp-pro-cta__heading,True,True
igp-pro-cta__inner,True,True
igp-pro-cta__subheading,True,True
igp-pro-departure-dates,False,True
igp-pro-departure-dates__footnote,False,True
igp-pro-departure-dates__intro,True,True
igp-pro-departure-dates__row,True,True
igp-pro-departure-dates__status,True,True
igp-pro-departure-dates__table,True,True
igp-pro-departure-dates__table-wrap,True,True
igp-pro-destination-cards,False,True
igp-pro-empty-state,True,True
igp-pro-expert-box,False,True
igp-pro-expert-box__actions,True,True
igp-pro-expert-box__body,False,True
igp-pro-expert-box__card,True,True
igp-pro-expert-box__image,True,True
igp-pro-expert-box__role,True,True
igp-pro-expert-box__specialties,True,True
igp-pro-faq,True,True
igp-pro-faq__answer,True,True
igp-pro-faq__item,True,True
igp-pro-faq__items,True,True
igp-pro-faq__question,True,True
igp-pro-featured-listings,False,True
igp-pro-gallery,False,True
igp-pro-gallery__caption,False,True
igp-pro-gallery__grid,True,True
igp-pro-gallery__image,True,True
igp-pro-gallery__item,True,True
igp-pro-hero,True,True
igp-pro-hero-search,False,True
igp-pro-hero__content,True,True
igp-pro-hero__cta,True,True
igp-pro-hero__heading,True,True
igp-pro-hero__image,True,True
igp-pro-hero__inner,True,True
igp-pro-hero__media,True,True
igp-pro-hero__search,True,True
igp-pro-hero__search-input,True,True
igp-pro-hero__search-submit,True,True
igp-pro-hero__subheading,True,True
igp-pro-icon-list,False,True
igp-pro-icon-list__body,False,True
igp-pro-icon-list__icon,True,True
igp-pro-icon-list__item,True,True
igp-pro-icon-list__items,True,True
igp-pro-inclusions-exclusions,False,True
igp-pro-inclusions-exclusions__column,True,True
igp-pro-inclusions-exclusions__column--excluded,True,True
igp-pro-inclusions-exclusions__column--included,False,True
igp-pro-inclusions-exclusions__columns,True,True
igp-pro-inclusions-exclusions__intro,True,True
igp-pro-inclusions-exclusions__list,True,True
igp-pro-inclusions-exclusions__note,False,True
igp-pro-itinerary,False,True
igp-pro-itinerary__day,True,True
igp-pro-itinerary__day-title,True,True
igp-pro-itinerary__days,True,True
igp-pro-itinerary__description,False,True
igp-pro-itinerary__meta,True,True
igp-pro-listing-block,False,True
igp-pro-map,True,True
igp-pro-map__address,True,True
igp-pro-map__iframe,True,True
igp-pro-map__link,True,True
igp-pro-nearby-attraction-card,True,True
igp-pro-nearby-attraction-card__meta,True,True
igp-pro-nearby-attractions,False,True
igp-pro-nearby-attractions__grid,True,True
igp-pro-nearby-attractions__intro,True,True
igp-pro-package-tier,True,True
igp-pro-package-tier--highlight,True,True
igp-pro-package-tier__duration,False,True
igp-pro-package-tier__price,True,True
igp-pro-package-tiers,False,True
igp-pro-package-tiers__grid,True,True
igp-pro-package-tiers__intro,True,True
igp-pro-package-tiers__note,False,True
igp-pro-pricing-summary,True,True
igp-pro-pricing-summary__base,True,True
igp-pro-pricing-summary__item,True,True
igp-pro-pricing-summary__items,True,True
igp-pro-pricing-summary__note,False,True
igp-pro-related,False,True
igp-pro-related-destinations,False,True
igp-pro-related-tours,False,True
igp-pro-review-card,True,True
igp-pro-reviews-summary,False,True
igp-pro-reviews-summary__breakdown,True,True
igp-pro-reviews-summary__overview,True,True
igp-pro-reviews-summary__rating,True,True
igp-pro-reviews-summary__source,False,True
igp-pro-reviews-summary__summary,True,True
igp-pro-reviews-summary__testimonials,True,True
igp-pro-rich-text,True,True
igp-pro-rich-text__content,True,True
igp-pro-rich-text__eyebrow,True,True
igp-pro-rich-text__inner,True,True
igp-pro-rich-text__title,True,True
igp-pro-route-timeline,False,True
igp-pro-route-timeline__day,False,True
igp-pro-route-timeline__intro,True,True
igp-pro-route-timeline__list,True,True
igp-pro-route-timeline__meta,True,True
igp-pro-route-timeline__stop,True,True
igp-pro-season-card,True,True
igp-pro-season-card__meta,True,True
igp-pro-section,False,True
igp-pro-section__content,True,True
igp-pro-section__description,True,True
igp-pro-section__eyebrow,True,True
igp-pro-section__header,False,True
igp-pro-section__inner,True,True
igp-pro-section__title,True,True
igp-pro-stats,False,True
igp-pro-stats__description,True,True
igp-pro-stats__item,True,True
igp-pro-stats__items,True,True
igp-pro-stats__label,True,True
igp-pro-stats__value,True,True
igp-pro-sticky-booking-cta,True,True
igp-pro-sticky-booking-cta__actions,True,True
igp-pro-sticky-booking-cta__content,False,True
igp-pro-sticky-booking-cta__note,False,True
igp-pro-sticky-booking-cta__price,True,True
igp-pro-sticky-booking-cta__title,True,True
igp-pro-tabs,True,True
igp-pro-tabs__nav,True,True
igp-pro-tabs__panel,True,True
igp-pro-tabs__panels,False,True
igp-pro-tabs__tab,True,True
igp-pro-text-link,True,True
igp-pro-tour-cards,False,True
igp-pro-tour-facts,True,True
igp-pro-tour-facts__grid,True,True
igp-pro-tour-facts__icon,True,True
igp-pro-tour-facts__intro,True,True
igp-pro-tour-facts__item,True,True
igp-pro-tour-facts__note,True,True
igp-pro-tour-facts__value,True,True
igp-pro-trust,True,True
igp-pro-trust__avatar,True,True
igp-pro-trust__item,True,True
igp-pro-trust__items,True,True
igp-pro-trust__logo,True,True
igp-pro-trust__logos,True,True
igp-pro-trust__summary,False,True
igp-pro-visa-requirements,True,True
igp-pro-visa-requirements__applies,False,True
igp-pro-visa-requirements__documents,True,True
igp-pro-visa-requirements__intro,True,True
igp-pro-visa-requirements__item,True,True
igp-pro-visa-requirements__list,True,True
igp-pro-visa-requirements__note,True,True
igp-pro-visa-requirements__status,True,True
